Attrition,# Total Employees,# Full Time Employees,# Travel Employees
No,1477.0,1214.0,263.0
Yes,199.0,142.0,57.0
% Gone,11.873508353221956,10.471976401179942,17.8125
